{
    "filename": "shoe.mp4",
    "width": 1920,
    "height": 1080,
    "fps": 30.00092469710781,
    "duration": 103.09682222222223,
    "total_frames": 3093,
    "codec": 1668703592,
    "frames_saved": 310
}